Model,Epoch,Train Loss,Validation Loss,Train Accuracy,Validation Accuracy,Test Accuracy
1,1,1.498428653464074,1.416359968802408,0.47381986487672195,0.44812458872559774,
1,2,1.3644371768893526,1.3376567706126814,0.5391769763972976,0.5241939021715288,
1,3,1.0508286966433567,0.9968820556764956,0.6541414407300167,0.6336477297652994,
1,4,0.9817304167184416,0.9664342041979866,0.6793015705887514,0.6750164509760912,
1,5,1.0410614078664462,1.0944423123360925,0.7048894445906818,0.7005483658697083,
1,6,1.0238020419214817,0.9372380068553194,0.7483219268228481,0.7341083570958543,
1,7,0.8117943266960104,0.8071555906526998,0.7775401421426691,0.7751699934196096,
1,8,0.7962645316478657,0.8007219172451704,0.7873343862419935,0.7838999780653653,
1,9,0.842370030960905,0.9150852967817923,0.7456128805826094,0.7364334283834174,
1,10,0.9146949474209087,0.8677878900539198,0.7686562253224533,0.7627111208598377,
1,11,0.850486123083114,0.8031945684563414,0.7880472931473195,0.7836806317174819,
1,12,0.839087907492903,0.9541860513335582,0.7198275862068966,0.7046720772099144,
1,13,1.0431025832698755,1.2258524412170324,0.5802513819426165,0.5699056810704102,
1,14,1.0737818767334546,0.9138915695178004,0.7259366499956129,0.7174819039262996,
1,15,1.0902943954024544,1.0702843589055995,0.6521562691936474,0.6450098705856547,
1,16,1.239369710250697,1.3090000710285454,0.5216284987277354,0.5150690940995832,
1,17,1.1260249822198436,1.1572791133502485,0.5904514345880495,0.5636762447905243,
1,18,1.1214049038732121,1.1573025391370122,0.5903198210055278,0.5642026760254442,
1,19,1.1355116762803767,1.2859018822003276,0.545220233394753,0.5291072603641149,
1,20,1.1896593628136884,1.1437757108043458,0.5946191980345705,0.5692476420267603,
1,21,1.1498992966434616,1.1508013342855905,0.5954856541195052,0.5790743584119324,
1,22,1.1613612827282391,1.1555566808910942,0.5661577608142494,0.5619653432770344,
1,23,1.3287945943789288,1.2448841109710038,0.558644818811968,0.5348980039482343,
1,24,1.1133256666380462,1.006316851558101,0.6269522681407388,0.6104847554288221,
1,25,0.9825280989805452,1.001447891687322,0.6269413003421953,0.6098705856547488,
1,26,0.975310476530806,0.9970392613696925,0.6282135649732385,0.6107479710462821,
1,27,0.9727345912769538,0.9959293325040864,0.6277090462402387,0.6118447027856986,
1,28,0.9722289006611563,0.9923946208772321,0.6135386505220672,0.6191270015354244,
1,29,0.9676175096392738,0.9865375371441583,0.6287180837062385,0.6123711340206186,
1,30,0.9799372740488776,1.0253765914897786,0.6120031587259805,0.587935950866418,
1,31,1.140911739693315,1.4641281738013292,0.44939457752040013,0.4191708708050011,
1,32,1.432982577081236,1.4627442008480773,0.4493507063262262,0.4189953937266945,
1,33,1.3442523903609291,1.1464683201265593,0.6072102307624814,0.5859618337354683,
1,34,0.971410448509355,0.8528322964872616,0.7621084495919979,0.7478833077429261,
1,35,0.9441638758609853,1.0111368105268015,0.621775467228218,0.6159684141259048,
1,36,1.115833911873484,1.4387263648547548,0.4523229797315083,0.42162754990129414,
1,37,1.4256135524104647,1.4648653387957404,0.44964683688690005,0.4189953937266945,
1,38,1.4324422143033602,1.4623963779645528,0.44939457752040013,0.4191708708050011,
1,39,1.4323112450987985,1.4618135106302783,0.44938360972185665,0.4191270015354244,
1,40,1.4324302985835675,1.4645572844904575,0.4493507063262262,0.4189953937266945,
1,41,1.431914275671829,1.4642454154723041,0.44938360972185665,0.4191270015354244,
1,42,1.4314397331690303,1.4622108840925536,0.44938360972185665,0.4191270015354244,
1,43,1.2154171258970459,1.1542384150042868,0.6010682635781346,0.5803465672296556,
1,44,1.115328845143556,1.1354158007620856,0.6015508467140476,0.5813994296994955,
1,45,1.106593760090276,1.123781044043652,0.6015727823111345,0.5813994296994955,
1,46,1.1053160145878815,1.1224296524239044,0.6015727823111345,0.5814432989690722,
1,47,1.1026368670285471,1.1160155202524886,0.601561814512591,0.5813994296994955,
1,48,1.0944315011740027,1.1154082238432284,0.6055102219882426,0.5853037946918184,
1,49,1.0857937869005927,1.0993060636298773,0.6067824866192858,0.5870585654748849,
1,50,1.0815833381492677,1.0895767820719027,0.6137360708958498,0.5926738319806976,
1,51,1.0702415052410748,1.0851206686534574,0.6127160656313065,0.591577100241281,
1,52,1.0643116149946932,1.0784248833288905,0.6151399491094147,0.5939021715288441,
1,53,1.0618165441932053,1.0749194890693345,0.6200754584539792,0.5995613073042334,
1,54,1.0600634712992454,1.0976065677653148,0.6134070369395455,0.5924983549023909,
1,55,1.0580272000989561,1.085481906391651,0.6127160656313065,0.591577100241281,
1,56,1.0584626008230547,1.0683503856496772,0.6171909274370448,0.596490458433867,
1,57,1.0545732430434496,1.0714046623496674,0.6181341581117838,0.5977626672515902,
1,58,1.0533595765855746,1.0720764957645863,0.6189348074054576,0.5986839219127001,
1,59,1.0504248741935487,1.0682085835573423,0.6192528735632183,0.5984207062952401,
1,60,1.059971284049971,1.0751713568561792,0.6108844432745459,0.5904803685018645,
1,61,1.0659301164568733,1.0772674667676927,0.6127709046240238,0.591577100241281,
1,62,1.0591170997387376,1.0835488932952466,0.610127665175046,0.5896468523799079,
1,63,1.0624579357349608,1.0791720350480636,0.611323155216285,0.591445492432551,
1,64,1.0606646232172314,1.0806096351244903,0.6098644380100027,0.5896468523799079,
1,65,1.0596163912050582,1.0831541541513456,0.6104786347284373,0.5903048914235578,
1,66,1.1130618133708212,1.1532611826937205,0.5996314819689392,0.5793814432989691,
1,67,1.0914216819783824,1.0806139531995962,0.6093379836799158,0.5897784601886379,
1,68,1.0585912346567423,1.0750586676713523,0.6105005703255243,0.5903487606931345,
1,69,1.0763618167922446,0.8911935264593159,0.7481245064490656,0.7358631278789208,
1,70,0.8924135345741673,0.9950736064029485,0.6836119154163376,0.6722965562623382,
1,71,1.0449754806739782,1.0735313887555855,0.6101166973765025,0.5899100679973679,
1,72,1.0575640033128646,1.072724633464702,0.614065104852154,0.5943408642246106,
1,73,1.0562492087888626,1.0741805623735712,0.6114218654031762,0.5923667470936609,
1,74,1.0593002774358418,1.0723050194079826,0.6130999385803282,0.5922790085545075,
1,75,1.0548372421774024,1.0735237434816582,0.6160722119856102,0.5957008115814871,
1,76,1.0589016533113678,1.0713354560769113,0.6104896025269808,0.5901732836148278,
1,77,1.0601402482918028,1.0704336926685092,0.6066289374396772,0.5911822768150911,
1,78,1.0530800021550941,1.069834842719912,0.6161818899710451,0.5957885501206405,
1,79,1.0577735862408995,1.0716137123767997,0.6139334912696324,0.5931125246764641,
1,80,1.0523105334329226,1.0777367641560183,0.6162915679564798,0.5956130730423338,
1,81,1.0508069451427005,1.0705989620770389,0.6186057734491532,0.5983768370256636,
1,82,1.0639312614499596,1.1415051795671851,0.5994450293937001,0.5832419390217153,
1,83,1.0750705384806163,1.1006005392014664,0.6093270158813723,0.5874972581706515,
1,84,1.047911340645764,0.8274167449218599,0.7670329911380188,0.754902390875192,
1,85,0.7687429367383006,0.7707624526368895,0.791052469948232,0.7842948014915552,
1,86,0.7489939612094985,0.773409487168937,0.7913376327103624,0.7853037946918184,
1,87,0.7570737538559636,0.7649624003448182,0.7941453891374923,0.7871463040140382,
1,88,0.7461720307251216,0.7669930907196797,0.7877511625866456,0.7806097828471156,
1,89,0.7514531064373495,0.787416310703277,0.7801724137931034,0.7732397455582365,
1,90,0.7971109948773328,0.8199882030491806,0.7728130209704308,0.766176793156394,
1,91,0.7855329677826473,0.8042149085687641,0.7792730543125383,0.7725817065145866,
1,92,0.7755523471506854,0.7975496311262611,0.7792511187154514,0.7724500987058566,
1,93,0.7712988951406333,0.793033749570021,0.7796678950601036,0.7726694450537398,
1,94,0.7689925484208716,0.792257276279203,0.7837917873124507,0.7774073261680193,
1,95,0.7661381527633644,0.7924518912075812,0.7794485390892341,0.7724500987058566,
1,96,0.7695900599234403,0.7930400388585115,0.7792291831183645,0.7725378372450099,
1,97,0.76577535720023,0.7855992546358104,0.7826840396595596,0.7761789866198727,
1,98,0.7645170708086898,0.7864260998924965,0.7803149951741687,0.7735906997148497,
1,99,0.7609497223030426,0.7843090149197846,0.7805562867421251,0.773415222636543,
1,100,0.7598687929189116,0.7805552450346345,0.7908989207686233,0.7838999780653653,77.85378366823429
2,1,1.4078157746218465,1.3716815140750866,0.4512152320786172,0.4210133801272209,
2,2,1.3303594239110959,1.3553210759498533,0.4225015354917961,0.41535424435183155,
2,3,1.319428994099052,1.3418326694668574,0.4571817144862683,0.43509541566132925,
2,4,1.3150441821674181,1.3403448572573944,0.45131394226550847,0.4212327264751042,
2,5,1.3132183500016605,1.338082396325866,0.45698429411248576,0.4352270234700592,
2,6,1.2634879659413527,1.2314987232315444,0.5292401509169079,0.5098047817503839,
2,7,1.1797236161805116,1.1612147165215039,0.5646661402123366,0.5496819477955692,
2,8,0.9061503841821902,0.6450571820985395,0.7837808195139072,0.7660013160780873,
2,9,0.6466891252128996,0.612345627542341,0.7926098973414056,0.7815310375082255,
2,10,0.5718349561787327,0.5940712762347006,0.7882118101254716,0.7763544636981794,
2,11,0.5549851907314352,0.575690385006961,0.7964705624287093,0.7857863566571617,
2,12,0.5383068261456501,0.564306135307839,0.8050473808897078,0.7926738319806975,
2,13,0.5403204428522104,0.5638933518374379,0.8012854259892954,0.7875849967098048,
2,14,0.523238637220347,0.540034982869246,0.8092480477318592,0.7999122614608467,
2,15,0.5281074371110965,0.560792155382631,0.7583355268930421,0.7464356218468963,
2,16,0.5300248252864641,0.5726020757406963,0.7921711853996666,0.7817065145865322,
2,17,0.5515013035286798,0.6037960135905879,0.7836930771255594,0.7706514586532134,
2,18,0.5555354552902083,0.5582721647074672,0.8073835219794683,0.7952182496161438,
2,19,0.5196279470639629,0.5500733498146236,0.8069009388435553,0.796753674051327,
2,20,0.526937591694658,0.5471237804697685,0.8024699482319909,0.7906119763105944,
2,21,0.5434347389857613,0.7262221841407345,0.6989887689742915,0.6854573371353367,
2,22,0.6122070221127175,0.5586519762615109,0.8040054400280776,0.7924106163632375,
2,23,0.5294162965890318,0.576341944078753,0.788244713521102,0.7782847115595526,
2,24,0.5469090021531408,0.5685365300225268,0.7934215144336229,0.7792937047598157,
2,25,0.6256099848033868,0.6508010689470423,0.7539922786698254,0.7435841193244133,
2,26,0.698527888310073,0.6758722978253378,0.7355334737211547,0.7241500329019522,
2,27,0.6942131888640771,0.7438629110445321,0.6568175835746249,0.6522044307962273,
2,28,0.6947146995932081,0.7296384396887392,0.6710866894796876,0.6673831980697521,
2,29,0.7007125650164026,0.7452020460870986,0.661632447135211,0.646150471594648,
2,30,0.7203813024685327,0.7644337172146886,0.6545362814775818,0.6361044088615925,
2,31,0.7280930910521671,0.7593074779791599,0.6492388347810828,0.634876069313446,
2,32,0.7345747495629464,0.7568732863680352,0.6527924015091691,0.6377714411055055,
2,33,0.7358016035882359,0.763223477630891,0.6487672194437133,0.6361482781311691,
2,34,0.7378579428939146,0.76083502290281,0.6478788277616917,0.6320684360605396,
2,35,0.7372446735753168,0.7594556172598271,0.6441278406598228,0.6332967756086861,
2,36,0.7361861117666963,0.7631254414412725,0.6488110906378871,0.6330774292608028,
2,37,0.7365393426906784,0.7593681282729186,0.6488220584364306,0.6371572713314323,
2,38,0.7360986047686937,0.76227896359827,0.649107221198561,0.6343935073481026,
2,39,0.8596442167385374,0.9443036723819224,0.607385715539177,0.5855231410397017,
2,40,0.8990286200175571,0.9373302952695183,0.6014302009300693,0.5709146742706734,
2,41,0.8941534241788842,0.937881604170667,0.6019676230586997,0.57135336696644,
2,42,1.1423659400898154,1.2161740963679084,0.49510836184960955,0.4644878262776925,
2,43,1.1903615209404899,1.247343221020453,0.4610094761779416,0.42662864663303357,
2,44,1.210227651490433,1.2464840157423356,0.46639466526278844,0.4406229436279886,
2,45,1.2094252457281265,1.2441187250301515,0.4657804685443538,0.44031585874095197,
2,46,1.2047078934977813,1.246228022639509,0.46251206457839783,0.4375520947576223,
2,47,1.20963883132631,1.2491083137473173,0.46582433973852766,0.4404913358192586,
2,48,1.20940139069932,1.250012539608172,0.46639466526278844,0.4406229436279886,
2,49,1.2092427149688059,1.2515201154259243,0.4610094761779416,0.42662864663303357,
2,50,1.2092623944167897,1.2437338267226803,0.46643853645696237,0.4407984207062952,
2,51,1.208961605179877,1.248207918811267,0.46251206457839783,0.4375520947576223,
2,52,1.2094439215566362,1.2422994978022561,0.46643853645696237,0.4407984207062952,
2,53,1.2091669998867274,1.2456318827555428,0.46105334737211545,0.4268041237113402,
2,54,1.2089275747800647,1.2432624133330539,0.4657804685443538,0.44031585874095197,
2,55,1.2085515550715697,1.2437294842130358,0.4657804685443538,0.44031585874095197,
2,56,1.2085792790904628,1.2482386433025974,0.4571268754935509,0.4235577977626673,
2,57,1.2087037473839086,1.2513758350024116,0.4625559357725717,0.4377275718359289,
2,58,1.207864137979715,1.2451976364796593,0.46643853645696237,0.43974555823645534,
2,59,1.2079497873561247,1.2465813725557333,0.46105334737211545,0.4257512612415003,
2,60,1.2087022980064566,1.2435766462496045,0.46643853645696237,0.4407984207062952,
2,61,1.2082360648116144,1.244665670054045,0.46643853645696237,0.4407984207062952,
2,62,1.2077304968755402,1.248784892741707,0.45717074668772484,0.4237332748409739,
2,63,1.2082573282687379,1.243928707386906,0.46639466526278844,0.4395700811581487,
2,64,1.2081898870207832,1.248296830823307,0.46105334737211545,0.4268041237113402,
2,65,1.208334854970238,1.2447669736239408,0.4657804685443538,0.44031585874095197,
2,66,1.2078445464987175,1.2405417825900957,0.46643853645696237,0.4407984207062952,
2,67,1.2079228263673054,1.2500011292007132,0.46105334737211545,0.4268041237113402,
2,68,1.207548201295277,1.2465568153026703,0.46105334737211545,0.4268041237113402,
2,69,1.2079947813820613,1.2441302177837825,0.46105334737211545,0.4258828690502303,
2,70,1.2079558661172218,1.2412111318446126,0.46643853645696237,0.43987716604518534,
2,71,1.207602868603508,1.242976697743802,0.46643853645696237,0.4407984207062952,
2,72,1.2078102376908002,1.2449492159241085,0.46643853645696237,0.4407984207062952,
2,73,1.208141500633814,1.2434671276078466,0.46643853645696237,0.4407984207062952,
2,74,1.2077260672660342,1.2424559739683319,0.4657804685443538,0.44031585874095197,
2,75,1.207789004819727,1.243541150315249,0.46643853645696237,0.43987716604518534,
2,76,1.2073786844198162,1.2490755386280419,0.46643853645696237,0.43987716604518534,
2,77,1.2075652428205654,1.248488266065367,0.4657804685443538,0.44031585874095197,
2,78,1.2077819113444237,1.2437552074588705,0.46643853645696237,0.4407984207062952,
2,79,1.2072127584365522,1.2437242699445001,0.46643853645696237,0.43987716604518534,
2,80,1.2078909810003862,1.2453030107707965,0.4664056330613319,0.43974555823645534,
2,81,1.207825874336823,1.2436220648914582,0.46579143634289727,0.44035972801052864,
2,82,1.2076654862198182,1.2462971252607624,0.4657804685443538,0.44031585874095197,
2,83,1.207097251265164,1.2423648929554318,0.46643853645696237,0.4407984207062952,
2,84,1.2073193867061043,1.2469216064160886,0.46039527945950687,0.42632156174599695,
2,85,1.2077776711230455,1.2471417829074851,0.46643853645696237,0.4407984207062952,
2,86,1.207613803237915,1.2464858329900113,0.46105334737211545,0.4268041237113402,
2,87,1.2071484685255343,1.24276593497201,0.46643853645696237,0.4407984207062952,
2,88,1.207452011458654,1.244168153685728,0.46105334737211545,0.4268041237113402,
2,89,1.207717959945021,1.245558884117115,0.46643853645696237,0.4407984207062952,
2,90,1.2077879122640014,1.2418006744619658,0.46643853645696237,0.4407984207062952,
2,91,1.207275570376391,1.2447926608475173,0.46643853645696237,0.43987716604518534,
2,92,1.2071466469000849,1.2422709467907855,0.46643853645696237,0.43987716604518534,
2,93,1.2075570914064302,1.2454422989553422,0.46643853645696237,0.43987716604518534,
2,94,1.2078938510078616,1.242406775831779,0.46643853645696237,0.4407984207062952,
2,95,1.2072034546214079,1.2459298974878912,0.46643853645696237,0.4407984207062952,
2,96,1.207400288076964,1.2447951874051144,0.46643853645696237,0.43987716604518534,
2,97,1.2073647859650012,1.2418016183026397,0.46643853645696237,0.4407984207062952,
2,98,1.207757841276343,1.2442713839894808,0.46643853645696237,0.4407984207062952,
2,99,1.2072933423735517,1.2430778987046116,0.46643853645696237,0.4407984207062952,
2,100,1.2071910598533169,1.2444149323440046,0.46643853645696237,0.4407984207062952,45.16531281174291
3,1,1.4910670475609367,1.4304084862648694,0.41555891901377556,0.38271550778679536,
3,2,1.366779740164732,1.4031042266642555,0.44778231113450906,0.41452072822987496,
3,3,1.3622673161847616,1.4011033730051026,0.45464815302272527,0.42061855670103093,
3,4,1.3604021763163674,1.3996419929528374,0.45521847854698605,0.4212327264751042,
3,5,1.358964039956971,1.3987172941069665,0.42975125032903394,0.41877604737881113,
3,6,1.3574522248015175,1.3959624969837494,0.4606036676318329,0.4352270234700592,
3,7,1.3601719327950623,1.2592812986275663,0.5678029305957708,0.5577100241280982,
3,8,1.0396749184841876,1.0455114714576557,0.6164451171360884,0.6014915551656065,
3,9,1.0271218234423969,1.036976661614353,0.6091295955075897,0.6011844702785699,
3,10,0.9492290265513066,0.9318875884836613,0.7261121347723085,0.6982232945821452,
3,11,1.3033744692071245,1.4059235498930331,0.46054882863911556,0.4354902390875192,
3,12,1.3587661103092397,1.396104625932466,0.45520751074844257,0.42241719675367406,
3,13,1.3573739167643053,1.3951427722040983,0.4605926998332895,0.4352270234700592,
3,14,1.35644450643313,1.3975874263942656,0.45520751074844257,0.42241719675367406,
3,15,1.3557314793428434,1.397542599185803,0.45521847854698605,0.42127659574468085,
3,16,1.35544434737759,1.3974843785500053,0.4605926998332895,0.4352270234700592,
3,17,1.355546411313867,1.407313296534886,0.44777134333596563,0.41452072822987496,
3,18,1.354658530975889,1.3997192770196096,0.45521847854698605,0.42127659574468085,
3,19,1.3545458213665602,1.3961640975922902,0.4606036676318329,0.4352708927396359,
3,20,1.3544875232156248,1.396872204105025,0.4605926998332895,0.4352270234700592,
3,21,1.3543912901124888,1.4012390041022231,0.45521847854698605,0.4215398113621408,
3,22,1.3540621942300481,1.3940290714943395,0.4606036676318329,0.4352708927396359,
3,23,1.3539386298645533,1.3986604110076932,0.4606036676318329,0.4352708927396359,
3,24,1.3535835527701907,1.3956235312280807,0.4606036676318329,0.43553410835709583,
3,25,1.3535511891036478,1.3952257245626967,0.45521847854698605,0.42127659574468085,
3,26,1.35284384418991,1.393451516019552,0.4606036676318329,0.43553410835709583,
3,27,1.3529979879359735,1.3922458070854182,0.4606036676318329,0.43553410835709583,
3,28,1.352999918771425,1.3932740479806012,0.4606036676318329,0.43553410835709583,
3,29,1.3529547761449507,1.3934149985242341,0.4606036676318329,0.4352708927396359,
3,30,1.3524583660620015,1.3951650236517419,0.4606036676318329,0.4352708927396359,
3,31,1.35233321263551,1.3912258407745928,0.4606036676318329,0.43553410835709583,
3,32,1.3527702857843267,1.392719137221747,0.4606036676318329,0.43553410835709583,
3,33,1.3528497052966348,1.393614359359586,0.4606036676318329,0.4352708927396359,
3,34,1.351874065699124,1.3924745709014343,0.4606036676318329,0.43553410835709583,
3,35,1.352068110651312,1.3936019421712764,0.45521847854698605,0.4215398113621408,
3,36,1.3520270980829265,1.3896679364040319,0.4606036676318329,0.43553410835709583,
3,37,1.3525235337199213,1.3921952622771794,0.4606036676318329,0.43553410835709583,
3,38,1.3517893337574538,1.390372440737508,0.4606036676318329,0.43553410835709583,
3,39,1.3519086101134035,1.3908517261750797,0.4606036676318329,0.43553410835709583,
3,40,1.3518980122039876,1.395295411505353,0.4606036676318329,0.43553410835709583,
3,41,1.3522017269096294,1.3916351929625221,0.4606036676318329,0.43553410835709583,
3,42,1.3516293321502464,1.398625893727592,0.45521847854698605,0.4215398113621408,
3,43,1.3517903330855436,1.3925307860082528,0.4606036676318329,0.43553410835709583,
3,44,1.3518800713597068,1.393508897448399,0.45521847854698605,0.4215398113621408,
3,45,1.351467145404634,1.398088832760008,0.45521847854698605,0.4215398113621408,
3,46,1.3517456254308897,1.3915625740132593,0.4606036676318329,0.43553410835709583,
3,47,1.3518483859182227,1.3963597595738473,0.4606036676318329,0.43553410835709583,
3,48,1.3518569244772467,1.3927273777707747,0.4606036676318329,0.43553410835709583,
3,49,1.351695520229137,1.3921169408989935,0.4606036676318329,0.4352708927396359,
3,50,1.3515574318991557,1.401775405258132,0.45521847854698605,0.4215398113621408,
3,51,1.3515827095011166,1.3981720133131397,0.45521847854698605,0.4215398113621408,
3,52,1.3518364708174397,1.3915480968442002,0.4606036676318329,0.43553410835709583,
3,53,1.3516372169810025,1.3904621053751745,0.4606036676318329,0.43553410835709583,
3,54,1.3513193804578398,1.3914673412802083,0.4606036676318329,0.43553410835709583,
3,55,1.3515319705766273,1.3925254769755582,0.4606036676318329,0.43553410835709583,
3,56,1.3513652218739292,1.3933272119906726,0.45521847854698605,0.4215398113621408,
3,57,1.3513803156575652,1.3956071168157966,0.45521847854698605,0.4215398113621408,
3,58,1.3516621998365819,1.3942268666868207,0.4606036676318329,0.43553410835709583,
3,59,1.3514786554300822,1.3969107512423766,0.4606036676318329,0.43553410835709583,
3,60,1.3512076890117102,1.3979854819626694,0.45521847854698605,0.4215398113621408,
3,61,1.3513456058252649,1.3985298862174653,0.45521847854698605,0.4215398113621408,
3,62,1.3515395787030284,1.390873178074081,0.4606036676318329,0.43553410835709583,
3,63,1.3515547361071465,1.3932796710927517,0.45521847854698605,0.4215398113621408,
3,64,1.351233871545337,1.390563125827286,0.4606036676318329,0.43553410835709583,
3,65,1.3508847498403485,1.3968199841990823,0.4606036676318329,0.43553410835709583,
3,66,1.3510292959071963,1.3975601131330315,0.4606036676318329,0.43553410835709583,
3,67,1.3511771129932515,1.3976456441885772,0.45521847854698605,0.4215398113621408,
3,68,1.351239127461395,1.3924430962383763,0.4606036676318329,0.43553410835709583,
3,69,1.3506985141397982,1.3981641920822296,0.45521847854698605,0.4215398113621408,
3,70,1.351220903298641,1.395546998555111,0.45521847854698605,0.4215398113621408,
3,71,1.3509588823977028,1.3928447013636966,0.4606036676318329,0.43553410835709583,
3,72,1.35092678718573,1.3934120992896837,0.4606036676318329,0.43553410835709583,
3,73,1.351451204909799,1.3997217116826832,0.45521847854698605,0.4215398113621408,
3,74,1.3507908184270407,1.3965211510294253,0.45521847854698605,0.4215398113621408,
3,75,1.3507481529317917,1.3915753718604487,0.4606036676318329,0.43553410835709583,
3,76,1.3508243239693944,1.3976972962807406,0.45521847854698605,0.4215398113621408,
3,77,1.3509180640121659,1.3933797042295666,0.4606036676318329,0.43553410835709583,
3,78,1.3505576534818646,1.3912396788853245,0.4606036676318329,0.43553410835709583,
3,79,1.3508321709946498,1.390694835567375,0.4606036676318329,0.43553410835709583,
3,80,1.3508098563991362,1.3921817576847872,0.45521847854698605,0.4215398113621408,
3,81,1.3506964523424072,1.3928422847999735,0.4606036676318329,0.43553410835709583,
3,82,1.3504328309503466,1.391666454114697,0.4606036676318329,0.43553410835709583,
3,83,1.3507798725136684,1.3933002678987427,0.4606036676318329,0.43553410835709583,
3,84,1.3504419609951612,1.3947359252363463,0.4606036676318329,0.43553410835709583,
3,85,1.3505724029466868,1.3949711219435634,0.4606036676318329,0.43553410835709583,
3,86,1.3508192705858122,1.3921367709530161,0.4606036676318329,0.43553410835709583,
3,87,1.3508806180673276,1.3912048236305874,0.4606036676318329,0.43553410835709583,
3,88,1.3504639530562539,1.392308018500585,0.4606036676318329,0.43553410835709583,
3,89,1.3505132919241385,1.3948087712845254,0.4606036676318329,0.43553410835709583,
3,90,1.3509954428614188,1.3926616596479242,0.4606036676318329,0.43553410835709583,
3,91,1.3505228649412804,1.3928277973720158,0.4606036676318329,0.43553410835709583,
3,92,1.3510113381375053,1.3907752078258793,0.4606036676318329,0.43553410835709583,
3,93,1.350467415584254,1.3958221562898274,0.45521847854698605,0.4215398113621408,
3,94,1.3506395215682567,1.389653838010312,0.4606036676318329,0.43645536301820576,
3,95,1.3500589650547874,1.3911155299383093,0.4606036676318329,0.43553410835709583,
3,96,1.350480168150095,1.3938285801202548,0.45521847854698605,0.4215398113621408,
3,97,1.3506753756045682,1.390208649985806,0.4606036676318329,0.43553410835709583,
3,98,1.350933986985689,1.3922716637661394,0.4606036676318329,0.43645536301820576,
3,99,1.3504514873366353,1.392233805346965,0.4606036676318329,0.43645536301820576,
3,100,1.350620766774287,1.3906008807533776,0.4606036676318329,0.43645536301820576,44.80903520022802
4,1,0.8974798135216512,0.9515433434917399,0.6143063964201105,0.593770563720114,
4,2,0.858531876300686,0.8486722500439159,0.7388018776871107,0.7205088835270893,
4,3,0.884807422485944,0.8845473606041169,0.628498727735369,0.619828909848651,
4,4,0.8839813608513017,0.9031017386317906,0.6084057208037202,0.5871901732836148,
4,5,0.872381170430839,0.8924726664971435,0.6112683162235676,0.5875411274402281,
4,6,0.9936937588552293,1.2699071385440788,0.45522944634552953,0.4210133801272209,
4,7,1.2250224908641674,1.2674460718993663,0.4336557866105115,0.4213643342838342,
4,8,1.22072258260281,1.2558772306974582,0.46250109677985435,0.43632375520947575,
4,9,1.2162770409807684,1.2535294363844554,0.43554224795998947,0.422812020179864,
4,10,1.2157686618469399,1.2600170608208974,0.45651267877511625,0.4221978504057907,
4,11,1.2143415049736208,1.253339253073304,0.46105334737211545,0.42561965343277036,
4,12,1.2137392122857713,1.2590130460795719,0.4618978678599632,0.4360605395920158,
4,13,1.2129716145351164,1.2571733603906912,0.4610094761779416,0.4254441763544637,
4,14,1.2123997021545454,1.2510194030257136,0.46639466526278844,0.4395700811581487,
4,15,1.2120644554650244,1.2534008251053572,0.46639466526278844,0.4395700811581487,
4,16,1.211228299419859,1.2561527617071202,0.46639466526278844,0.4394384733494187,
4,17,1.2116097595496476,1.2533535323355705,0.46639466526278844,0.4395700811581487,
4,18,1.2111039778633292,1.2509396801840362,0.46105334737211545,0.4257512612415003,
4,19,1.2103637092598167,1.2575749998015424,0.4657804685443538,0.4391313884623821,
4,20,1.2112250059062362,1.2505695581684924,0.46643853645696237,0.43974555823645534,
4,21,1.2103287999732781,1.2491929929764385,0.46643853645696237,0.4396139504277254,
4,22,1.2101867465362413,1.2561429903926926,0.46643853645696237,0.4396139504277254,
4,23,1.2100012234934874,1.2505485675010826,0.46643853645696237,0.4396139504277254,
4,24,1.2102707328762057,1.2519195658837272,0.46643853645696237,0.4396139504277254,
4,25,1.21069184833212,1.2506739239559697,0.46643853645696237,0.4396139504277254,
4,26,1.2098545478457785,1.2495572591445,0.46643853645696237,0.43974555823645534,
4,27,1.2099729482872903,1.2526925687181083,0.46639466526278844,0.4394384733494187,
4,28,1.2099040955198874,1.2535198921119484,0.46105334737211545,0.42561965343277036,
4,29,1.2096060079936104,1.248432717103401,0.46643853645696237,0.43974555823645534,
4,30,1.2097930713656064,1.2472485091644545,0.46105334737211545,0.4257512612415003,
4,31,1.2102092241687175,1.2492816712953254,0.4657695007458103,0.43939460407984204,
4,32,1.209615182598802,1.2500546512310515,0.4657804685443538,0.4391313884623821,
4,33,1.2090989175666083,1.2539634980412158,0.46105334737211545,0.42561965343277036,
4,34,1.2092714783727119,1.2470546919059946,0.46643853645696237,0.4396139504277254,
4,35,1.2096432785912514,1.2545015397936143,0.46105334737211545,0.4257512612415003,
4,36,1.2090553664231318,1.2504950608726886,0.46639466526278844,0.4394384733494187,
4,37,1.2089854096923491,1.2457981920391246,0.46639466526278844,0.4394384733494187,
4,38,1.2089704560552652,1.247760559527261,0.46643853645696237,0.43974555823645534,
4,39,1.2088584045948116,1.2562515567108297,0.46105334737211545,0.42561965343277036,
4,40,1.208947538796952,1.2453021552208596,0.46643853645696237,0.43974555823645534,
4,41,1.2100090753233779,1.2476395428547469,0.46643853645696237,0.43974555823645534,
4,42,1.208911557917698,1.2469171326917359,0.4657804685443538,0.4391313884623821,
4,43,1.2089126964410803,1.2470949953805266,0.46643853645696237,0.4396139504277254,
4,44,1.2088524447311182,1.2446137436347717,0.46643853645696237,0.43974555823645534,
4,45,1.2086601181545724,1.245062007680805,0.46194173905413705,0.4374204869488923,
4,46,1.2089454656944032,1.2437850069311562,0.46582433973852766,0.4404913358192586,
4,47,1.2107689567349371,1.2501994949838484,0.4657804685443538,0.4392629962711121,
4,48,1.2100324584594158,1.2528027114873725,0.4657695007458103,0.43939460407984204,
4,49,1.2107836272942176,1.2498408930387623,0.4618869000614197,0.43750822548804563,
4,50,1.2103157274443992,1.250551314620219,0.46582433973852766,0.4404913358192586,
4,51,1.208902028719953,1.2461664375961854,0.46639466526278844,0.4395700811581487,
4,52,1.2089483914920656,1.249775336446157,0.46638369746424496,0.43952621188857205,
4,53,1.2089679888378058,1.2484234227478554,0.46638369746424496,0.43952621188857205,
4,54,1.2086786329525068,1.247321886465073,0.4657695007458103,0.4392191270015354,
4,55,1.2086422045194671,1.248405403766797,0.4657695007458103,0.4392191270015354,
4,56,1.2085440280134716,1.256027767418702,0.4571268754935509,0.42263654310155735,
4,57,1.2083685314008161,1.2473178030930732,0.46638369746424496,0.43952621188857205,
4,58,1.2084521388140952,1.245388162713001,0.46638369746424496,0.43952621188857205,
4,59,1.2086345611275937,1.2459068621755307,0.46250109677985435,0.43750822548804563,
4,60,1.208590944594764,1.2459054308126607,0.46639466526278844,0.4395700811581487,
4,61,1.20834104706487,1.247358599932248,0.46638369746424496,0.4405790743584119,
4,62,1.2088604701476973,1.2466076186262482,0.4609985083793981,0.4265847773634569,
4,63,1.2085516076370706,1.248680437239312,0.46250109677985435,0.43632375520947575,
4,64,1.2100727982891868,1.2542115175708066,0.46510046503465824,0.43851721868830884,
4,65,1.2108774030497702,1.2528673499425236,0.4657695007458103,0.43952621188857205,
4,66,1.2110090733950964,1.2473093104504829,0.46639466526278844,0.4395700811581487,
4,67,1.2098376552692447,1.2516503474111562,0.4657695007458103,0.43939460407984204,
4,68,1.2099541993271998,1.2466619686426776,0.46639466526278844,0.4395700811581487,
4,69,1.2085676530718823,1.2500924540410026,0.4657695007458103,0.4390875191928054,
4,70,1.2086012730463327,1.2450747403606321,0.46639466526278844,0.4395700811581487,
4,71,1.2087119484026956,1.2500080850836548,0.4610094761779416,0.4255757841631937,
4,72,1.20807510062196,1.2514148505280065,0.46639466526278844,0.4395700811581487,
4,73,1.2084847876446851,1.252941937631967,0.4571159076950075,0.42246106602325073,
4,74,1.208155831356124,1.2528294112978897,0.46039527945950687,0.42632156174599695,
4,75,1.2084104609992419,1.2458299285851575,0.46639466526278844,0.4406229436279886,
4,76,1.2084060288052068,1.2461009467964932,0.46639466526278844,0.4395700811581487,
4,77,1.208265223526469,1.2463482487944553,0.4657695007458103,0.4390875191928054,
4,78,1.2085162858409764,1.2485882942442332,0.46639466526278844,0.4395700811581487,
4,79,1.208426766127282,1.2468496028398557,0.46639466526278844,0.4394384733494187,
4,80,1.2080630459039496,1.2492793186139735,0.46639466526278844,0.4394384733494187,
4,81,1.2081914836032543,1.2483365239796418,0.4610094761779416,0.4255757841631937,
4,82,1.2081270414133334,1.2454138778731343,0.46639466526278844,0.4395700811581487,
4,83,1.2082539033168203,1.246161101636982,0.4610094761779416,0.4255757841631937,
4,84,1.208278151419802,1.245683913872116,0.46638369746424496,0.43952621188857205,
4,85,1.209126557665497,1.2429163973392778,0.46639466526278844,0.4406229436279886,
4,86,1.207730458115196,1.2439745059167162,0.46639466526278844,0.4406229436279886,
4,87,1.2078094771066277,1.2528705649245546,0.4610094761779416,0.4254441763544637,
4,88,1.2079014545880156,1.2468216162300254,0.46251206457839783,0.4375520947576223,
4,89,1.2078441839070422,1.2453396423484406,0.46639466526278844,0.4395700811581487,
4,90,1.2077654308598778,1.2467704896527518,0.46638369746424496,0.43952621188857205,
4,91,1.2077205484406044,1.2463880590475884,0.46639466526278844,0.4395700811581487,
4,92,1.2077686554179632,1.244160118662254,0.46639466526278844,0.4406229436279886,
4,93,1.2078320082232288,1.2462205123905672,0.46639466526278844,0.4406229436279886,
4,94,1.2076689519041564,1.2516821370243236,0.46639466526278844,0.4395700811581487,
4,95,1.2081805602254638,1.24871522510226,0.46639466526278844,0.4395700811581487,
4,96,1.2079264748402307,1.247786741951472,0.46251206457839783,0.4364992322877824,
4,97,1.2076673270658123,1.2467774155716915,0.4610094761779416,0.4255757841631937,
4,98,1.2077031370998768,1.2447912336223739,0.46639466526278844,0.4406229436279886,
4,99,1.2088484115879514,1.2433817556615685,0.46639466526278844,0.4406229436279886,
4,100,1.207498177434067,1.248590599158309,0.46639466526278844,0.4395700811581487,45.15106170728232
5,1,1.1034785077832008,0.9554935950940396,0.63522198824252,0.6169335380565913,
5,2,0.9124725363153813,0.9408181662528553,0.6381065192594543,0.6249616143891205,
5,3,0.8979553546908049,0.9257499523279329,0.6430639642011056,0.6324632594867295,
5,4,0.8964722008536147,0.9241856644409241,0.6429323506185839,0.6325509980258829,
5,5,0.8934099020960667,0.9158268294969407,0.6308568044222164,0.6208379030489143,
5,6,0.8911690185882537,0.9172818299222953,0.6334452048784768,0.6144768589602984,
5,7,0.8890339101240659,0.9145911242099056,0.6309993858032815,0.6206624259706076,
5,8,0.8861422414336375,0.9142696931130792,0.621501272264631,0.6025444176354464,
5,9,0.8855950964221135,0.9134040122521607,0.6305168026673686,0.6204430796227243,
5,10,0.8832873376971028,0.9473191662449167,0.638929104150215,0.6274182934854134,
5,11,0.8855040916732129,0.9131862155987345,0.6427349302448012,0.631892958982233,
5,12,0.8808466231639854,0.9072418339103281,0.6207554619636747,0.6220662425970608,
5,13,0.8783234387271688,0.9040937874851409,0.6446542949899097,0.630971704321123,
5,14,0.8770271595881866,0.9057456308207048,0.6445884881986488,0.6299188418512832,
5,15,0.9453517479267727,1.3928401644849777,0.4578288146003334,0.42654090809388023,
5,16,1.349274786350517,1.3805197649230037,0.46378432920944107,0.44088615924544855,
5,17,1.3515180591361702,1.3920687500056355,0.4575107484425726,0.42276815091028735,
5,18,1.3527729936315827,1.3954309674173826,0.45748881284548565,0.42276815091028735,
5,19,1.352285640164564,1.4026318604687067,0.4571488110906379,0.4227242816407107,
5,20,1.351191704039733,1.3934230132168548,0.45734623146442044,0.42276815091028735,
5,21,1.351350860104186,1.3920920252148663,0.4567320347459858,0.4225926738319807,
5,22,1.3517296484733905,1.3952282814487063,0.4571817144862683,0.42276815091028735,
5,23,1.3515215947824852,1.3910431436453423,0.4625230323769413,0.4377275718359289,
5,24,1.3509607515194766,1.3855019078220994,0.45781784680178994,0.4258828690502303,
5,25,1.3474717823838622,1.3848206422053746,0.46323593928226725,0.4410616363237552,
5,26,1.3471828013344993,1.3792040536490437,0.4641352987628323,0.4413248519412152,
5,27,1.3469807536631984,1.3901334389572364,0.4630275511099412,0.43768370256635225,
5,28,1.350884709412153,1.3924306257508183,0.4571268754935509,0.42263654310155735,
5,29,1.350483697949284,1.3910972571935,0.46251206457839783,0.4366308400965124,
5,30,1.3496361203918383,1.3890422444876158,0.4625449679740283,0.4367624479052424,
5,31,1.3501086065556565,1.3934012876436446,0.4571268754935509,0.42263654310155735,
5,32,1.3501332215261392,1.393035462104993,0.4571268754935509,0.4235577977626673,
5,33,1.3498263906784003,1.3899488735485794,0.4571268754935509,0.4235577977626673,
5,34,1.3494273143439588,1.3930456558093,0.45715977888918136,0.4236894055713972,
5,35,1.34946844610639,1.3951544811658299,0.4625449679740283,0.4367624479052424,
5,36,1.3495971305462429,1.390150279953078,0.4625449679740283,0.43768370256635225,
5,37,1.3494901156610917,1.391802761735264,0.45715977888918136,0.4236894055713972,
5,38,1.3491426279465943,1.393259597389319,0.45715977888918136,0.4236894055713972,
5,39,1.349306139671992,1.3880116123873936,0.4625449679740283,0.43768370256635225,
5,40,1.3493475282400114,1.3906006591779572,0.4625449679740283,0.43768370256635225,
5,41,1.3486703221655991,1.3883582712414035,0.45715977888918136,0.4236894055713972,
5,42,1.3491959528177748,1.3910197267976312,0.46193077125559356,0.4373766176793156,
5,43,1.3491932446944106,1.3917885136017356,0.45715977888918136,0.4236894055713972,
5,44,1.3486848814034134,1.3875198080310704,0.4625449679740283,0.43768370256635225,
5,45,1.3486688263265083,1.3960175745556918,0.45715977888918136,0.4236894055713972,
5,46,1.349168571282295,1.3900624491002336,0.4625449679740283,0.43768370256635225,
5,47,1.3485324148881965,1.3880842814979557,0.4625449679740283,0.43768370256635225,
5,48,1.3483229085150363,1.4166606349015234,0.45814688075809423,0.4269357315200702,
5,49,1.348394298725135,1.3880194578171356,0.4625449679740283,0.43768370256635225,
5,50,1.348143506130163,1.3872173226799978,0.45715977888918136,0.4236894055713972,
5,51,1.3481529877325535,1.3911769119810113,0.45715977888918136,0.4236894055713972,
5,52,1.3479949658494697,1.3892850957470348,0.4625449679740283,0.43768370256635225,
5,53,1.3480110821047968,1.391639481900243,0.4625449679740283,0.43768370256635225,
5,54,1.3477597572840738,1.3907100609123397,0.4625449679740283,0.43768370256635225,
5,55,1.3483032411527807,1.3898398276685617,0.4625449679740283,0.43768370256635225,
5,56,1.3482030817966937,1.3910544723574583,0.45715977888918136,0.4236894055713972,
5,57,1.348020128074476,1.3883577574496628,0.4625449679740283,0.43768370256635225,
5,58,1.3481755096566759,1.3872101606250409,0.4625559357725717,0.4377275718359289,
5,59,1.348124314660339,1.3883862473166755,0.45717074668772484,0.4237332748409739,
5,60,1.347389240058959,1.388859424651667,0.45715977888918136,0.4236894055713972,
5,61,1.3473727838399248,1.386484514037178,0.4625449679740283,0.43768370256635225,
5,62,1.3475420934414866,1.3909800981161249,0.45717074668772484,0.4237332748409739,
5,63,1.348164080523718,1.3874233249903072,0.4625559357725717,0.4377275718359289,
5,64,1.3469701025031333,1.3904531063137464,0.45717074668772484,0.4237332748409739,
5,65,1.347238627809308,1.3862241579844155,0.45715977888918136,0.4236894055713972,
5,66,1.3477379264985416,1.3869743070218603,0.4625449679740283,0.43768370256635225,
5,67,1.3473472453509465,1.390866794027907,0.4625559357725717,0.4377275718359289,
5,68,1.3478411990578596,1.3881379569277013,0.4625449679740283,0.43768370256635225,
5,69,1.347992061708549,1.3852825470731231,0.4625559357725717,0.4377275718359289,
5,70,1.347510557589963,1.3885831443527301,0.45717074668772484,0.4237332748409739,
5,71,1.3476415115400937,1.3916462406033432,0.45717074668772484,0.4237332748409739,
5,72,1.3478449550899099,1.385937513315734,0.4625449679740283,0.43768370256635225,
5,73,1.347566569499702,1.3875164309108825,0.45717074668772484,0.4237332748409739,
5,74,1.3470749482077018,1.3920355515923502,0.45717074668772484,0.4237332748409739,
5,75,1.3475507288453328,1.3872445213696083,0.4625559357725717,0.4377275718359289,
5,76,1.3477192460133016,1.3875242647992025,0.4625559357725717,0.4377275718359289,
5,77,1.3476426970713051,1.3902219593070795,0.45717074668772484,0.4237332748409739,
5,78,1.3476786009239619,1.3872308604937829,0.45717074668772484,0.4237332748409739,
5,79,1.347443099359562,1.3866530318662322,0.4625559357725717,0.4377275718359289,
5,80,1.3473250804583017,1.3908759778319888,0.4625559357725717,0.4377275718359289,
5,81,1.3480455057907432,1.3899878807320052,0.45715977888918136,0.4236894055713972,
5,82,1.347357122275061,1.389615699960531,0.45717074668772484,0.4237332748409739,
5,83,1.3478689197078069,1.3897030223015154,0.45715977888918136,0.4236894055713972,
5,84,1.3471440613167687,1.3904142783627336,0.45717074668772484,0.4237332748409739,
5,85,1.3471808688349516,1.3877081839297325,0.4625559357725717,0.4377275718359289,
5,86,1.3474624737153358,1.3863617363680583,0.4625559357725717,0.4377275718359289,
5,87,1.3475343837573306,1.3892640204452236,0.45715977888918136,0.4236894055713972,
5,88,1.347797374965878,1.3887333845193932,0.4625559357725717,0.4377275718359289,
5,89,1.3478965583831013,1.3872494499491739,0.4625559357725717,0.4377275718359289,
5,90,1.3477021586011224,1.3882165121283216,0.45717074668772484,0.4237332748409739,
5,91,1.3479232322116548,1.3877884724667022,0.45715977888918136,0.4236894055713972,
5,92,1.3471280044489686,1.3875472726503042,0.4625559357725717,0.4377275718359289,
5,93,1.3473271314806399,1.3921112385310352,0.45717074668772484,0.4237332748409739,
5,94,1.3471459182903491,1.387355545972402,0.4625449679740283,0.43768370256635225,
5,95,1.3473752237654593,1.3914103554439334,0.45717074668772484,0.4237332748409739,
5,96,1.3469815487127799,1.3887049067893544,0.4625559357725717,0.4377275718359289,
5,97,1.3475525814533762,1.386879406281337,0.4625559357725717,0.4377275718359289,
5,98,1.3472261299630306,1.3850150245038724,0.4625559357725717,0.4377275718359289,
5,99,1.3472918082998837,1.3856638447839769,0.4625559357725717,0.4377275718359289,
5,100,1.3469195331355912,1.3867201916748595,0.4625449679740283,0.43768370256635225,44.999643722388484
6,1,0.9386653159496883,0.845752362793064,0.7693910678248662,0.7534108357095854,
6,2,0.8659447767696931,0.8914445280086107,0.7538387294902167,0.7392410616363237,
6,3,0.8494557042562599,0.8691947587410942,0.7524348512766518,0.7382320684360605,
6,4,0.8410419255978441,0.8461621525767243,0.7600684390629113,0.7454704979162097,
6,5,0.8437850119658132,0.8486240089172252,0.7600026322716504,0.7452072822987498,
6,6,0.8269383148652457,0.8979138978889825,0.7250043871194174,0.7135336696644001,
6,7,1.000801005007716,1.0326048656673879,0.6116412213740458,0.5889449440666813,
6,8,0.8327046963612798,0.9850678038365175,0.6605905062735807,0.6486948892300943,
6,9,1.1388403240319669,1.4111978859485519,0.4606036676318329,0.43614827813116913,
6,10,1.3676130323256157,1.4073430261046511,0.45520751074844257,0.4212327264751042,
6,11,1.361728083474578,1.4053840386379057,0.4606036676318329,0.4352708927396359,
6,12,1.3601841102010506,1.396897227103277,0.4606036676318329,0.4352708927396359,
6,13,1.3588670028432248,1.3968491247478565,0.4606036676318329,0.4352708927396359,
6,14,1.3579120584407285,1.4003286115559406,0.45521847854698605,0.42127659574468085,
6,15,1.3570228911510234,1.396066971172297,0.45521847854698605,0.42127659574468085,
6,16,1.356000499029604,1.3954041931869003,0.45521847854698605,0.42127659574468085,
6,17,1.3562187960149472,1.406000523544148,0.45521847854698605,0.42127659574468085,
6,18,1.3557032670175928,1.3960406370342398,0.4606036676318329,0.4352708927396359,
6,19,1.3553869483345806,1.3974819802619658,0.4606036676318329,0.4352708927396359,
6,20,1.3550733980983354,1.3966062985702796,0.4606036676318329,0.4352708927396359,
6,21,1.3543481398844004,1.3932214992962277,0.4606036676318329,0.4352708927396359,
6,22,1.3543246956998922,1.3971295516259818,0.4606036676318329,0.4352708927396359,
6,23,1.3542833124679774,1.39690632915167,0.4606036676318329,0.4352708927396359,
6,24,1.3543852253761763,1.39786738552908,0.4606036676318329,0.4352708927396359,
6,25,1.3539776057697441,1.392864350765145,0.4606036676318329,0.4352708927396359,
6,26,1.3540948775470503,1.3935306285524969,0.4606036676318329,0.4352708927396359,
6,27,1.3537293960787937,1.3958999755771346,0.4606036676318329,0.4352708927396359,
6,28,1.3537263273052058,1.3949170487700773,0.4297622181275774,0.41855670103092785,
6,29,1.3529455454585204,1.3952218242551953,0.4606036676318329,0.4352708927396359,
6,30,1.3526762026730683,1.3916679900020563,0.4606036676318329,0.4352708927396359,
6,31,1.3522062514403723,1.3936498592808655,0.4606036676318329,0.4352708927396359,
6,32,1.3521172363186869,1.3931250034969154,0.4606036676318329,0.4352708927396359,
6,33,1.3522968719244608,1.3938237216334806,0.4606036676318329,0.4352708927396359,
6,34,1.3519399832267873,1.392206317650219,0.4606036676318329,0.4352708927396359,
6,35,1.3520229676473532,1.3961467622287618,0.4606036676318329,0.4352708927396359,
6,36,1.3519896658689066,1.3927531700392295,0.4606036676318329,0.4352708927396359,
6,37,1.351726203760254,1.3930631892948193,0.45521847854698605,0.42127659574468085,
6,38,1.352320472242678,1.3936121527843777,0.4606036676318329,0.4352708927396359,
6,39,1.3513549594155059,1.3956917946849288,0.4606036676318329,0.4352708927396359,
6,40,1.3518292697119971,1.3964623392042022,0.4606036676318329,0.4352708927396359,
6,41,1.3514860997342082,1.3976758314184836,0.4606036676318329,0.4352708927396359,
6,42,1.3515525600262797,1.3934095945235465,0.4606036676318329,0.4352708927396359,
6,43,1.351625878318618,1.393605942701155,0.4606036676318329,0.4352708927396359,
6,44,1.3518171834471795,1.395158340814946,0.4606036676318329,0.4352708927396359,
6,45,1.3514579309166006,1.392795531836134,0.4606036676318329,0.4352708927396359,
6,46,1.351330080861551,1.3947713832790911,0.4606036676318329,0.4352708927396359,
6,47,1.3515027530940709,1.3927256759266031,0.4606036676318329,0.4352708927396359,
6,48,1.351512941685614,1.3926740487182596,0.4606036676318329,0.4352708927396359,
6,49,1.3517078631976551,1.3914179910067077,0.4297622181275774,0.41855670103092785,
6,50,1.3510828586213879,1.3957856060847527,0.4606036676318329,0.4352708927396359,
6,51,1.3513080278558773,1.3924252705716973,0.4606036676318329,0.4352708927396359,
6,52,1.3513556483056046,1.3913630016196088,0.4297622181275774,0.41855670103092785,
6,53,1.351272810323866,1.391345093304195,0.4606036676318329,0.4352708927396359,
6,54,1.350955107941957,1.3917640755494896,0.4606036676318329,0.4352708927396359,
6,55,1.3509591255289801,1.3932667936271352,0.4606036676318329,0.4352708927396359,
6,56,1.351149741021143,1.3930247393205253,0.4606036676318329,0.4352708927396359,
6,57,1.3510907591166164,1.3926525224662107,0.4606036676318329,0.4352708927396359,
6,58,1.3507551277428644,1.3922347803776063,0.4297622181275774,0.41855670103092785,
6,59,1.3512415699991034,1.393297903179102,0.4606036676318329,0.4352708927396359,
6,60,1.3509320244183347,1.3956454241333625,0.45521847854698605,0.42127659574468085,
6,61,1.3511007813408296,1.3916178222785291,0.4606036676318329,0.4352708927396359,
6,62,1.351008454495257,1.391838042088804,0.4606036676318329,0.4352708927396359,
6,63,1.3512002979504842,1.4002689117540241,0.45521847854698605,0.42127659574468085,
6,64,1.3510838258023308,1.3964230475338075,0.45521847854698605,0.42127659574468085,
6,65,1.3510446421277647,1.3935480512890968,0.4606036676318329,0.4352708927396359,
6,66,1.350953976146436,1.3901501120579136,0.4606036676318329,0.4352708927396359,
6,67,1.3507427352255443,1.393649931840028,0.4606036676318329,0.4352708927396359,
6,68,1.3507206000242071,1.3903441846000948,0.4606036676318329,0.4352708927396359,
6,69,1.3507835103526313,1.3909443512815067,0.45521847854698605,0.42127659574468085,
6,70,1.3508226949633328,1.392160411873786,0.4606036676318329,0.4352708927396359,
6,71,1.350820289109221,1.3911869976302131,0.4606036676318329,0.4352708927396359,
6,72,1.3505653149715209,1.3938856188848876,0.45521847854698605,0.42127659574468085,
6,73,1.3505760866883085,1.3923352604383603,0.4606036676318329,0.4352708927396359,
6,74,1.350784549171143,1.3895007220624287,0.4606036676318329,0.43645536301820576,
6,75,1.3509013070013516,1.3926127084964801,0.4606036676318329,0.4352708927396359,
6,76,1.3507972835132256,1.3939503418992887,0.45521847854698605,0.42127659574468085,
6,77,1.3508661080254616,1.3911961127096057,0.4606036676318329,0.4352708927396359,
6,78,1.351019341846788,1.391380144182579,0.4606036676318329,0.4352708927396359,
6,79,1.3507041871701126,1.3939435654523717,0.4606036676318329,0.4352708927396359,
6,80,1.3507442255729658,1.3912604096214332,0.4606036676318329,0.4352708927396359,
6,81,1.350741205464362,1.3918517079230248,0.45521847854698605,0.42127659574468085,
6,82,1.3506548601764592,1.3927804641068258,0.4606036676318329,0.4352708927396359,
6,83,1.3502337772469617,1.391912331757295,0.4606036676318329,0.4352708927396359,
6,84,1.350476183084472,1.3915052207228098,0.4606036676318329,0.4352708927396359,
6,85,1.3508005123107028,1.3947078285589058,0.4606036676318329,0.4352708927396359,
6,86,1.3503305428321124,1.391935331200273,0.45521847854698605,0.42127659574468085,
6,87,1.3502420562360162,1.3942185756470595,0.4606036676318329,0.4352708927396359,
6,88,1.3506175703335204,1.3904760553013564,0.4606036676318329,0.4352708927396359,
6,89,1.3505780777945073,1.3946495451498198,0.4606036676318329,0.4352708927396359,
6,90,1.3507080610109385,1.3898944960441855,0.4606036676318329,0.4352708927396359,
6,91,1.3507389943434231,1.3900479548099154,0.4606036676318329,0.4352708927396359,
6,92,1.350657952847951,1.3927327601360975,0.4606036676318329,0.4352708927396359,
6,93,1.3504613745583058,1.3946860459928576,0.45521847854698605,0.42127659574468085,
6,94,1.3504122528885292,1.3917025191206533,0.4606036676318329,0.4352708927396359,
6,95,1.3504957093997512,1.3925289290935596,0.45521847854698605,0.42127659574468085,
6,96,1.350592576273609,1.3916376204697016,0.4606036676318329,0.4352708927396359,
6,97,1.3504136365508834,1.3938826131494162,0.45521847854698605,0.42127659574468085,
6,98,1.3502463843035502,1.3941466636314763,0.4606036676318329,0.4352708927396359,
6,99,1.3506398460676226,1.391921163297548,0.4606036676318329,0.4352708927396359,
6,100,1.350597587176963,1.3904480115473454,0.4606036676318329,0.4352708927396359,44.80903520022802
7,1,0.9544534245484031,0.8420932397479911,0.7744362551548654,0.7647729765299408,
7,2,0.8885569528720823,1.0317657154345121,0.6254935509344565,0.6122833954814653,
7,3,0.9955382316631299,1.0169841853890795,0.5680661577608143,0.5692915112963369,
7,4,0.9894925274003407,1.0096459594443163,0.6345419847328244,0.6272866856766834,
7,5,0.9467518971433087,0.8203464590857237,0.7784614372203211,0.7743803465672296,
7,6,0.7916152934582392,0.8190744218301895,0.7773975607616039,0.7724062294362799,
7,7,0.7850928412834615,0.8028121622861323,0.7809401596911468,0.7753454704979162,
7,8,0.7775982004841487,0.8172634042798164,0.773624638062648,0.7670541785479271,
7,9,0.7748077375232092,0.8059507709461533,0.780600157936299,0.7748629085325729,
7,10,0.7759530154127414,0.7946611832523506,0.7780556286742125,0.7746435621846897,
7,11,0.7768147739649033,0.7992760363170621,0.7805124155479513,0.7747751699934196,
7,12,0.7325987821935396,0.7306931119274072,0.780578222339212,0.77174819039263,
7,13,0.6961938558835986,0.7274574534051679,0.7805014477494078,0.7752138626891862,
7,14,0.6940507325336617,0.7207374778334086,0.7805124155479513,0.774731300723843,
7,15,0.69209074490158,0.7269780485783469,0.7805014477494078,0.774204869488923,
7,16,0.6929217909077835,0.7265668108353783,0.7797556374484513,0.7727133143233165,
7,17,0.695379228555448,0.7192670242932119,0.7809401596911468,0.7725817065145866,
7,18,0.6904238608608553,0.7209525715005835,0.7805343511450382,0.7747751699934196,
7,19,0.6900626750840666,0.7241304035606861,0.7804795121523208,0.7749945163413029,
7,20,0.6886711062616859,0.7275271821599057,0.7808743528998859,0.7728010528624698,
7,21,0.7089023220811537,0.9556727649162667,0.6268974291480214,0.6212327264751042,
7,22,0.9088690504158211,0.932315266561486,0.6352439238396069,0.6274182934854134,
7,23,0.9049466740491491,0.9305655616773303,0.6111037992454155,0.6141697740732617,
7,24,0.9030336840689466,0.9251245486561289,0.6351123102570851,0.6270673393288002,
7,25,0.899162738015614,0.9232984963122511,0.6350026322716504,0.625531914893617,
7,26,0.8979484480571309,0.9247186255435965,0.6353206984294113,0.6246983987716604,
7,27,0.958551080356512,1.5536229337246648,0.46142625252259367,0.4354025005483659,
7,28,1.4122356338159734,1.425210561892279,0.45520751074844257,0.42149594209256414,
7,29,1.367095065253824,1.4161180786707808,0.45521847854698605,0.4215398113621408,
7,30,1.2279868926510331,0.9326553359791699,0.6427458980433447,0.631366527747313,
7,31,1.0641285393597413,1.4154736579137226,0.45521847854698605,0.4212327264751042,
7,32,1.3660224354987904,1.4186082080911762,0.45520751074844257,0.4212327264751042,
7,33,1.364280346225764,1.4088278594231867,0.45521847854698605,0.4212327264751042,
7,34,1.3643246937745657,1.4100358884457382,0.45521847854698605,0.42127659574468085,
7,35,1.2876898278701245,0.9384722494714117,0.6327322979731508,0.6125904803685018,
7,36,0.8935874723312738,0.919220540955254,0.6190664209879793,0.6214520728229875,
7,37,0.7670451588600687,0.9469225635715103,0.6194722295340879,0.6214520728229875,
7,38,0.8934350952267003,0.9213529017585212,0.6192309379661315,0.6196095635007677,
7,39,0.8901595083333479,0.9220822767674528,0.6333903658857594,0.6105724939679754,
7,40,0.8883381599451031,0.9229000107477522,0.6429323506185839,0.6314103970168897,
7,41,0.8888363296345737,0.9233671506075818,0.643118803193823,0.6301820574687431,
7,42,0.889301708991964,0.9194267228565137,0.6191212599806967,0.6193024786137311,
7,43,0.8891155486129898,0.9242337569764706,0.6334232692813898,0.6135556042991884,
7,44,1.0271339376561186,1.3012661054125991,0.5354588926910591,0.5223952621188858,
7,45,1.2610981364694775,1.372224340498312,0.47154953057822235,0.4536521166922571,
7,46,1.274725888184909,1.2703303799082097,0.5354588926910591,0.5221320465014258,
7,47,1.1438581974344542,1.0944483079513523,0.6072102307624814,0.5846457556481685,
7,48,1.039214220688071,1.1578265367505514,0.6020005264543301,0.5813994296994955,
7,49,1.0089178803698535,1.0643897985462203,0.6074734579275248,0.5844264093002851,
7,50,0.8725576732556664,0.7731121023124055,0.7735697990699307,0.7560429918841851,
7,51,0.7342114123258991,0.7822237346737979,0.766714924980258,0.748541346786576,
7,52,0.7445462958681344,0.773763700011833,0.7741510923927349,0.7580609782847115,
7,53,0.7262210913821893,0.7680304801162151,0.7731201193296482,0.7580171090151349,
7,54,0.7348975175629808,0.7742304595685304,0.7762569097130824,0.760210572493968,
7,55,0.7236465011051895,0.7645752910860392,0.7747981925068,0.7582803246325949,
7,56,0.7255964968545348,0.7511209456975849,0.7854369570939721,0.7760912480807195,
7,57,0.6984811359309571,0.7328534754461647,0.7858208300429937,0.7769686334722526,
7,58,0.7153385487355443,0.734247121631158,0.7850530841449505,0.7756964246545295,
7,59,0.7266374443970677,0.7308698713484596,0.7849324383609722,0.7729765299407765,
7,60,0.74907582915797,0.7268325491820714,0.7866105115381241,0.7767492871243694,
7,61,0.7035397879673279,0.7711822902690078,0.7564271299464771,0.7483220004386927,
7,62,1.1979207171721018,1.4070244350267558,0.45521847854698605,0.4215398113621408,
7,63,1.3662004534773786,1.4070058667487257,0.4297622181275774,0.4188199166483878,
7,64,1.3638400515268234,1.4020652002702376,0.45521847854698605,0.4215398113621408,
7,65,1.3646793282233307,1.4010829098779365,0.45521847854698605,0.4215398113621408,
7,66,1.365486015834663,1.40550796463621,0.45521847854698605,0.42246106602325073,
7,67,1.3637221509667319,1.4086807104422756,0.45521847854698605,0.42127659574468085,
7,68,1.3623047972262095,1.4080467169868864,0.4297622181275774,0.41855670103092785,
7,69,1.3631025115849527,1.4088756243314005,0.45520751074844257,0.4212327264751042,
7,70,1.3623233604104088,1.4050354047840248,0.45521847854698605,0.42127659574468085,
7,71,1.3688060110716174,1.408103061686959,0.45910107923137666,0.42461066023250715,
7,72,1.368785875771544,1.4161512357296713,0.45910107923137666,0.42461066023250715,
7,73,1.369786222558436,1.4144416721210566,0.45910107923137666,0.42434744461504714,
7,74,1.3693696783386111,1.4114586463956038,0.45910107923137666,0.42461066023250715,
7,75,1.3698903728219878,1.4115780402604552,0.45910107923137666,0.42461066023250715,
7,76,1.3694148615437476,1.4141064649433985,0.45910107923137666,0.42461066023250715,
7,77,1.3682477843532734,1.410627517355184,0.45910107923137666,0.42434744461504714,
7,78,0.8268937775904264,0.7785341909165181,0.7777814337106256,0.7616143891204211,
7,79,0.7251617278566592,0.7655413024219644,0.7776498201281039,0.7609563500767712,
7,80,0.7275856103855123,0.7603048553467908,0.7772330437834518,0.7614389120421144,
7,81,0.7204866420128742,0.7557144775912185,0.7777594981135386,0.7618337354683045,
7,82,0.7223771665216778,0.7533325470211616,0.7778801438975169,0.7617021276595745,
7,83,0.7150164160767466,0.7549931979541318,0.7778472405018865,0.7616582583899978,
7,84,0.7141747816340311,0.7569042722136231,0.7777594981135386,0.7616582583899978,
7,85,0.714266644417633,0.750908369201472,0.7778911116960604,0.7620530818161878,
7,86,0.7271972858904788,0.7509298368769934,0.7777265947179082,0.762140820355341,
7,87,0.7185955777384955,0.7509643669784514,0.77785820830043,0.7615705198508445,
7,88,0.7252996077262238,0.7502745597731875,0.7777265947179082,0.7615266505812678,
7,89,0.7636147498238013,0.8778526383147293,0.7069404229183118,0.6997148497477517,
7,90,0.909989926646039,0.9517913577441485,0.6323813284197596,0.6151348980039483,
7,91,0.9101251928876604,0.9553559302519299,0.6211173993156094,0.6111866637420487,
7,92,0.9151228867489559,0.9508701279857995,0.6227954724927612,0.5961395042772538,
7,93,0.8452606773194866,0.9366014040800921,0.647056242870931,0.6365869708269357,
7,94,0.8107590214302033,0.8577420900411327,0.7516780731771519,0.7423996490458434,
7,95,0.866854906391715,0.9411136786022405,0.6398942704220408,0.6303136652774731,
7,96,0.7536281122320095,0.9380193451886047,0.6526607879266474,0.6372888791401623,
7,97,0.8778972110581013,0.9507175958258127,0.6323813284197596,0.614257512612415,
7,98,0.9135806625916195,0.9468388315470043,0.6246380626480653,0.5986400526431235,
7,99,0.9123127698909447,0.9452910460357643,0.6256580679126086,0.5997367843825401,
7,100,0.9110977905426086,0.9413341532960187,0.6284219531455646,0.6039482342618996,59.38791506341742
8,1,0.9014295009365353,0.7128576035069021,0.7636658769851715,0.7470059223513928,
8,2,0.6731881876837279,0.7106097165663859,0.7626787751162587,0.7447685896029831,
8,3,1.0259000047484341,1.2669736424622333,0.45861849609546373,0.4350076771221759,
8,4,1.2258404951433575,1.2794365875161042,0.45861849609546373,0.4348760693134459,
8,5,1.2235396207194111,1.2525843270474275,0.46639466526278844,0.4394384733494187,
8,6,1.2213963382614808,1.259724706593216,0.4664275686584189,0.4395700811581487,
8,7,1.2194263249411978,1.254564027771076,0.46105334737211545,0.42561965343277036,
8,8,1.2175709501822474,1.262851113044979,0.4571268754935509,0.4223733274840974,
8,9,1.217082650528712,1.2596050834459127,0.45651267877511625,0.42206624259706077,
8,10,1.216141226013297,1.2534864455511576,0.46643853645696237,0.4396139504277254,
8,11,1.2151053986845126,1.251599971777232,0.46105334737211545,0.4258828690502303,
8,12,1.2146424759348797,1.2507576780677179,0.46643853645696237,0.43987716604518534,
8,13,1.213981635692561,1.2487355887678404,0.46643853645696237,0.4396139504277254,
8,14,1.2127848618189678,1.2522556407878338,0.46643853645696237,0.4396139504277254,
8,15,1.2123814005375886,1.2511140264525953,0.46582433973852766,0.43930686554068876,
8,16,1.212983648376745,1.2479598242415042,0.46105334737211545,0.4258828690502303,
8,17,1.211551309895892,1.2486601792694547,0.46105334737211545,0.4258828690502303,
8,18,1.2113803211221175,1.250393028458503,0.46643853645696237,0.43987716604518534,
8,19,1.2112685552252418,1.2501527210809298,0.46643853645696237,0.4396139504277254,
8,20,1.2105007171420876,1.252170741825089,0.4604391506536808,0.4255757841631937,
8,21,1.2104497924813502,1.2495985660553945,0.46105334737211545,0.42561965343277036,
8,22,1.2102508133086063,1.2486895476068567,0.46643853645696237,0.43987716604518534,
8,23,1.2098964544899844,1.2500547098855153,0.46105334737211545,0.42561965343277036,
8,24,1.2100457324513116,1.2459244751968899,0.46643853645696237,0.4407984207062952,
8,25,1.2096573039495349,1.2458337725552628,0.46643853645696237,0.4396139504277254,
8,26,1.2100252527377662,1.2474505867726482,0.46643853645696237,0.43987716604518534,
8,27,1.2097177662583751,1.2471609950270868,0.46643853645696237,0.43987716604518534,
8,28,1.2093874862094227,1.2506601031569848,0.46643853645696237,0.43987716604518534,
8,29,1.2090593007658406,1.2509761464409275,0.46105334737211545,0.4258828690502303,
8,30,1.2092795327685761,1.247218337440108,0.46194173905413705,0.4364992322877824,
8,31,1.209314944033495,1.2563371868517674,0.46105334737211545,0.4258828690502303,
8,32,1.2090434348270365,1.250052346749358,0.46643853645696237,0.4396139504277254,
8,33,1.2089724768795902,1.2456086913086653,0.46643853645696237,0.43987716604518534,
8,34,1.2091592215720235,1.2517946752256996,0.46105334737211545,0.4258828690502303,
8,35,1.2095236606845268,1.252779739169716,0.4625559357725717,0.43680631717481905,
8,36,1.2091119401936825,1.2533847412547536,0.4604391506536808,0.4255757841631937,
8,37,1.2093956175986702,1.2614119758569715,0.46039527945950687,0.425400307084887,
8,38,1.2089613209775556,1.2506379467661741,0.4610094761779416,0.42570739197192364,
8,39,1.2088907460430585,1.2531818648658324,0.4610094761779416,0.42570739197192364,
8,40,1.2088248671049184,1.2488573287590765,0.46639466526278844,0.4397016889668787,
8,41,1.2093225889441908,1.2527817637195358,0.4664056330613319,0.43974555823645534,
8,42,1.20885755134146,1.2541345169263447,0.46105334737211545,0.4258828690502303,
8,43,1.2083224962226013,1.25450445796498,0.46643853645696237,0.43987716604518534,
8,44,1.2087523323315472,1.2510251187289372,0.46643853645696237,0.43987716604518534,
8,45,1.2080406959406078,1.2474417082245521,0.46643853645696237,0.43987716604518534,
8,46,1.2092628196943331,1.2496246491611627,0.46643853645696237,0.43987716604518534,
8,47,1.2079749712799701,1.2519857612031,0.46105334737211545,0.4258828690502303,
8,48,1.2083485745365967,1.2543015050189816,0.46105334737211545,0.4258828690502303,
8,49,1.2083130099502228,1.250605460353269,0.46643853645696237,0.43987716604518534,
8,50,1.2084309724295483,1.2586682085403613,0.46643853645696237,0.43987716604518534,
8,51,1.2089176470948761,1.2501604408844862,0.46105334737211545,0.4258828690502303,
8,52,1.2078799237655555,1.253152787945988,0.46105334737211545,0.4258828690502303,
8,53,1.2081777866958432,1.253432775297328,0.46105334737211545,0.4258828690502303,
8,54,1.208160395457124,1.2527090900055358,0.46105334737211545,0.4258828690502303,
8,55,1.2084081500188517,1.2461371464456765,0.46643853645696237,0.43987716604518534,
8,56,1.2080663706347954,1.2523508010105069,0.46105334737211545,0.4258828690502303,
8,57,1.2083117968120975,1.2501739590905956,0.46639466526278844,0.4397016889668787,
8,58,1.2077213683006112,1.252261845874306,0.46639466526278844,0.4397016889668787,
8,59,1.2082751355119115,1.2477080791418467,0.46639466526278844,0.4397016889668787,
8,60,1.2083239405755466,1.2521038121985164,0.4610094761779416,0.42570739197192364,
8,61,1.2082187577077412,1.2487427538482878,0.46639466526278844,0.4397016889668787,
8,62,1.2095490812193739,1.2510621330202667,0.46643853645696237,0.43987716604518534,
8,63,1.2080031387204504,1.2519829740486292,0.46643853645696237,0.43987716604518534,
8,64,1.2079127098297175,1.2491318609689375,0.46643853645696237,0.43987716604518534,
8,65,1.2081767052687156,1.2481226885188466,0.46643853645696237,0.43987716604518534,
8,66,1.207572401346397,1.250779562521758,0.46643853645696237,0.43987716604518534,
8,67,1.2075164801974554,1.2533879201476803,0.46579143634289727,0.4394384733494187,
8,68,1.2077337462558326,1.2496514503544882,0.46582433973852766,0.4395700811581487,
8,69,1.2094102339784882,1.250180055492317,0.46639466526278844,0.4397016889668787,
8,70,1.20946428839194,1.250199387842165,0.46643853645696237,0.43987716604518534,
8,71,1.2088136555852793,1.2493856252228677,0.46581337193998423,0.4398332967756087,
8,72,1.2090105521255394,1.2524372735424023,0.46643853645696237,0.43987716604518534,
8,73,1.2085377976493201,1.2478036100572247,0.46105334737211545,0.4258828690502303,
8,74,1.2087677864446906,1.2510571151368282,0.46643853645696237,0.43987716604518534,
8,75,1.2086668888391832,1.2498291222728246,0.46581337193998423,0.4398332967756087,
8,76,1.2085517947058484,1.2508122211652108,0.46105334737211545,0.4258828690502303,
8,77,1.208646134971297,1.2590330877247486,0.46105334737211545,0.4258828690502303,
8,78,1.2093186232625306,1.2532456533738838,0.4603843116609634,0.42566352270234703,
8,79,1.2090285239213296,1.2523349467277187,0.46643853645696237,0.43987716604518534,
8,80,1.2092489379689473,1.2505618805714038,0.4604281828551373,0.42583899978065365,
8,81,1.208481176598012,1.250688028214357,0.46581337193998423,0.4398332967756087,
8,82,1.2084772072351144,1.2478589745393482,0.46643853645696237,0.43987716604518534,
8,83,1.2077762749936578,1.2479969428110227,0.46105334737211545,0.4258828690502303,
8,84,1.2077566467708365,1.2500925290940879,0.46582433973852766,0.4395700811581487,
8,85,1.2076400328313668,1.2510388507285144,0.46582433973852766,0.4395700811581487,
8,86,1.2082680840008382,1.2501552548745913,0.46643853645696237,0.43987716604518534,
8,87,1.2081842878046793,1.252650489789975,0.46643853645696237,0.43987716604518534,
8,88,1.2075615992785373,1.2503144919778688,0.46643853645696237,0.43987716604518534,
8,89,1.2078688132530673,1.2530355836720848,0.46643853645696237,0.43987716604518534,
8,90,1.2077196019064864,1.2463825015057048,0.46582433973852766,0.4395700811581487,
8,91,1.2077370684822106,1.252693532515473,0.46105334737211545,0.4258828690502303,
8,92,1.207365850202821,1.2466058736265555,0.46582433973852766,0.4395700811581487,
8,93,1.2079248210402362,1.2525290719698188,0.46643853645696237,0.43987716604518534,
8,94,1.2082988838608335,1.2484176655972954,0.46581337193998423,0.4398332967756087,
8,95,1.2083938616325924,1.247779944639447,0.46643853645696237,0.43987716604518534,
8,96,1.2081189087208746,1.248492930111753,0.46039527945950687,0.425400307084887,
8,97,1.2083986271310043,1.2501371346975931,0.46105334737211545,0.4258828690502303,
8,98,1.2079075133523924,1.247222577519725,0.46105334737211545,0.4258828690502303,
8,99,1.2081953444879328,1.247536263544168,0.46581337193998423,0.4398332967756087,
8,100,1.2079094168187217,1.2448368747607605,0.46643853645696237,0.43987716604518534,45.16531281174291
9,1,0.7471205492594184,0.6129271984348488,0.7797337018513644,0.7649045843386708,
9,2,0.6508031521712032,0.6682456399530338,0.7675704132666491,0.7543320903706954,
9,3,0.6406349194819545,0.6800462098204689,0.7597503729051505,0.7434525115156833,
9,4,0.6465330299588509,0.6732018377404805,0.7594761779415635,0.7422680412371134,
9,5,0.6418772482943849,0.6709487587048493,0.7556045450557164,0.7391094538275937,
9,6,0.7481190944355415,0.8719215378769485,0.6145147845924366,0.5943847334941873,
9,7,0.9472731451727714,0.947655424636889,0.6116741247696762,0.5874095196314981,
9,8,0.8870092040644527,0.9064098448374834,0.6114108976046329,0.5876727352489581,
9,9,1.0593410055100814,1.2856565266063504,0.4644862683162236,0.43952621188857205,
9,10,1.2424252959312525,1.274841432985861,0.45910107923137666,0.425531914893617,
9,11,1.230223907367807,1.2619123871287217,0.4644753005176801,0.4385610879578855,
9,12,1.226459427855012,1.25972691749055,0.4644862683162236,0.43952621188857205,
9,13,1.224448564346832,1.2637377362289082,0.4644862683162236,0.43952621188857205,
9,14,1.2227985347421426,1.2591115502724513,0.45910107923137666,0.425531914893617,
9,15,1.2219824861566797,1.2550167814247744,0.45521847854698605,0.42246106602325073,
9,16,1.2210219302604344,1.258112149196765,0.4644862683162236,0.43952621188857205,
9,17,1.2205688801444132,1.259861004200724,0.4590901114328332,0.42548804562404036,
9,18,1.2202239774616541,1.2554238600198915,0.45910107923137666,0.425531914893617,
9,19,1.2199935381622338,1.2525220729910174,0.4644862683162236,0.43952621188857205,
9,20,1.2198966097731225,1.257968694708773,0.4590901114328332,0.42548804562404036,
9,21,1.2185182634429326,1.2604697943499046,0.45910107923137666,0.42447905242377715,
9,22,1.219527077553909,1.251809989947401,0.4644753005176801,0.4384294801491555,
9,23,1.2201574518159155,1.2574739264869152,0.4590901114328332,0.4244351831542005,
9,24,1.2205036634068478,1.254233482880104,0.4644862683162236,0.4384733494187322,
9,25,1.2192220864794268,1.2569290204110248,0.4590901114328332,0.42548804562404036,
9,26,1.219171215705416,1.2572467464189703,0.4590901114328332,0.4244351831542005,
9,27,1.2183486958208734,1.254471362558105,0.45132491006405195,0.4209695108576442,
9,28,1.218024178823481,1.25845107727773,0.45910107923137666,0.42447905242377715,
9,29,1.218194368989342,1.2694761835246446,0.45910107923137666,0.42447905242377715,
9,30,1.2178713704456576,1.2587525532129844,0.4644753005176801,0.4384294801491555,
9,31,1.217526143412776,1.2541896796483056,0.45910107923137666,0.42447905242377715,
9,32,1.2174254007179528,1.2528849302549943,0.4644862683162236,0.4384733494187322,
9,33,1.2166624577627436,1.252867740843282,0.4606036676318329,0.43645536301820576,
9,34,1.2167887044562808,1.2589278554297927,0.45521847854698605,0.42140820355341085,
9,35,1.2168222633352792,1.2523313121921513,0.45910107923137666,0.42447905242377715,
9,36,1.216468178077106,1.251885221308144,0.45910107923137666,0.425531914893617,
9,37,1.2157170365123553,1.297485272615648,0.4563042906027902,0.43211230533011624,
9,38,1.216084013320701,1.2564232935759054,0.45910107923137666,0.42447905242377715,
9,39,1.2161736157500398,1.255396720446186,0.4644862683162236,0.4384733494187322,
9,40,1.2159260749057206,1.257738466665747,0.45910107923137666,0.425531914893617,
9,41,1.2157205452504236,1.254768930120104,0.45910107923137666,0.42447905242377715,
9,42,1.2154215019651757,1.2561847925068679,0.45910107923137666,0.42447905242377715,
9,43,1.215713083679524,1.2541280056670479,0.45910107923137666,0.42447905242377715,
9,44,1.2153947117378832,1.2599768044106596,0.45910107923137666,0.42447905242377715,
9,45,1.2153758307277833,1.2509935716800504,0.4644862683162236,0.43952621188857205,
9,46,1.2154828661126107,1.2543622052292018,0.45910107923137666,0.425531914893617,
9,47,1.2152516805032167,1.2545726251999307,0.4644862683162236,0.4384733494187322,
9,48,1.2151823280399634,1.254020252075724,0.4606036676318329,0.4354025005483659,
9,49,1.2150512102888895,1.254530082692068,0.45910107923137666,0.42447905242377715,
9,50,1.2150726328174801,1.2555459327195124,0.45910107923137666,0.42447905242377715,
9,51,1.215311190563768,1.250787631112807,0.4590901114328332,0.4244351831542005,
9,52,1.216077193636662,1.2513415733370254,0.45910107923137666,0.42447905242377715,
9,53,1.2151762215512965,1.2583397211183498,0.45910107923137666,0.42447905242377715,
9,54,1.215032483410761,1.2617804573206701,0.45521847854698605,0.42140820355341085,
9,55,1.2149845188265822,1.2509610169302194,0.4606036676318329,0.43645536301820576,
9,56,1.2146944508575723,1.2552737389260802,0.4644862683162236,0.4384733494187322,
9,57,1.214679036446301,1.2543848371539,0.45910107923137666,0.42447905242377715,
9,58,1.2145562612124785,1.2521933768973819,0.45910107923137666,0.42447905242377715,
9,59,1.2150723276461923,1.2503624421460613,0.45910107923137666,0.425531914893617,
9,60,1.214391975682727,1.253207800493454,0.45910107923137666,0.42447905242377715,
9,61,1.2139670555227904,1.2548510843460785,0.4644862683162236,0.4384733494187322,
9,62,1.2143950932262126,1.2555653955130497,0.45910107923137666,0.425531914893617,
9,63,1.2158113701915245,1.2516665907847375,0.4644862683162236,0.43952621188857205,
9,64,1.2152294670137278,1.249120145955934,0.45910107923137666,0.425531914893617,
9,65,1.215867492511743,1.2512788236949917,0.4644862683162236,0.43952621188857205,
9,66,1.2138762740098952,1.252196205843178,0.4644862683162236,0.4384733494187322,
9,67,1.213748575200849,1.2511778560883637,0.4644862683162236,0.4384733494187322,
9,68,1.2136748454417114,1.2536028655240588,0.4644862683162236,0.4384733494187322,
9,69,1.2139451848002163,1.2534157125804304,0.4644862683162236,0.4384733494187322,
9,70,1.2133944902554932,1.2534253946527223,0.4644862683162236,0.4384733494187322,
9,71,1.213955219992301,1.2534196905476942,0.4644753005176801,0.4384294801491555,
9,72,1.2148376638269835,1.253968421903747,0.45910107923137666,0.42447905242377715,
9,73,1.2142399553776067,1.258384225824909,0.4590901114328332,0.4244351831542005,
9,74,1.2139814613016875,1.2512600584021323,0.45910107923137666,0.42447905242377715,
9,75,1.2139256904471385,1.2569367950438113,0.4644753005176801,0.4384294801491555,
9,76,1.2135437283126396,1.2541863961620512,0.45910107923137666,0.42447905242377715,
9,77,1.213464971226538,1.2497274891373318,0.4644862683162236,0.43952621188857205,
9,78,1.2132438639475331,1.2518828154850028,0.45910107923137666,0.425531914893617,
9,79,1.380014659384749,1.6131557794904885,0.3624638062648065,0.33529282737442423,
9,80,1.576351694699322,1.6126022355484897,0.3624638062648065,0.33529282737442423,
9,81,1.5759102236012328,1.615108513245467,0.3624638062648065,0.33529282737442423,
9,82,1.5763689198477462,1.6123740626390504,0.3624638062648065,0.33529282737442423,
9,83,1.5759321357275822,1.6192447255865703,0.3624638062648065,0.33529282737442423,
9,84,1.5760762548304774,1.6158758078573086,0.3624638062648065,0.33529282737442423,
9,85,1.5757664856715434,1.6144843934513995,0.3624638062648065,0.33529282737442423,
9,86,1.5757557563310125,1.616640561995957,0.3624638062648065,0.33529282737442423,
9,87,1.5765559229059407,1.6208992403644487,0.3624638062648065,0.33529282737442423,
9,88,1.5756461926232797,1.6144719505896927,0.3624638062648065,0.33529282737442423,
9,89,1.575833728993026,1.6131512263150771,0.3624638062648065,0.33529282737442423,
9,90,1.5756124282039745,1.6144443073213068,0.3624638062648065,0.33529282737442423,
9,91,1.575625681510233,1.6167302055086465,0.3624638062648065,0.33529282737442423,
9,92,1.5757182528378233,1.6129729293453097,0.3624638062648065,0.33529282737442423,
9,93,1.5757625663933528,1.6127767600500738,0.3624638062648065,0.33529282737442423,
9,94,1.5758770087888392,1.6141214084798392,0.3624638062648065,0.33529282737442423,
9,95,1.5756762328571938,1.6113903375522571,0.3624638062648065,0.33529282737442423,
9,96,1.5757299407974494,1.6127791974669445,0.3624638062648065,0.33529282737442423,
9,97,1.5754938031168757,1.6127949436367217,0.3624638062648065,0.33529282737442423,
9,98,1.5758767128290863,1.612611603800295,0.3624638062648065,0.33529282737442423,
9,99,1.5757240000455737,1.6121065559362175,0.3624638062648065,0.33529282737442423,
9,100,1.5756298071309784,1.6110803031339287,0.3624638062648065,0.33529282737442423,33.62013681060282
10,1,1.172717390595297,1.0378050317885814,0.6648679477055366,0.6637859179644658,
10,2,0.9794461371210353,0.971643175978399,0.6737738001228394,0.6769028295678877,
10,3,0.9794455732827795,0.8322409327948147,0.7781762744581907,0.7754770783066461,
10,4,0.8159774259786291,0.9376410988793146,0.6814073879090989,0.6829129194998903,
10,5,0.914163405250413,0.9415258844247518,0.6748157409844696,0.6618995393726694,
10,6,1.1133471367061618,1.0788816942668922,0.6216986926384136,0.6215836806317174,
10,7,1.1215941144660113,1.1390957887025368,0.6022856892164604,0.5861811800833516,
10,8,1.1819289097047563,1.4773808050223847,0.41007501974203736,0.403114718139943,
10,9,1.4200193630122648,1.1157679751072862,0.622027726594718,0.6175915771002413,
10,10,1.089162386192777,1.3106608561645259,0.563064841624989,0.5399429699495504,
10,11,1.2761797618436859,1.289315118599724,0.53271694305519,0.5180960737003729,
10,12,1.293761368882525,1.1431108845213598,0.6198451346845661,0.6071506909409958,
10,13,1.1921573256118936,1.284884544847748,0.5760945862946389,0.5495503399868392,
10,14,1.1858722669328872,1.0500043232645444,0.7272308502237431,0.7172186883088396,
10,15,0.9200756325405726,0.9245449413078891,0.7538167938931297,0.7406887475323536,
10,16,0.8854086779863946,0.884409831533406,0.7682065455821707,0.7535424435183155,
10,17,0.880575577053088,0.9124671334674479,0.7619000614196718,0.7466988374643562,
10,18,0.9124913489211337,0.9280554501157651,0.7753575502325173,0.7633691599034876,
10,19,0.8957248509894512,0.9002276003942361,0.7711678511889094,0.7535863127878921,
10,20,0.8608694284735044,0.902873487591234,0.7647626568395192,0.7505593331871024,
10,21,0.862680032765294,0.9161350895829059,0.7725388260068439,0.7612195656942312,
10,22,0.8647741157657195,0.8705199503152841,0.7829362990260594,0.7719236674709367,
10,23,0.8539268455018959,0.8651259361259596,0.7800298324120383,0.7668348322000439,
10,24,0.8448051739162749,0.8617231152593793,0.7769807844169518,0.7617459969291511,
10,25,0.847211529659054,0.883190354912964,0.7752369044485391,0.763193682825181,
10,26,0.8755725711851933,0.9476114367160192,0.7332741072211986,0.7266505812678219,
10,27,0.8460313458365172,0.8491892237368907,0.7811924190576468,0.7677560868611537,
10,28,0.9127471175393972,0.8606964903644118,0.7787356321839081,0.7671857863566571,
10,29,0.9202397681741279,0.9058402832946155,0.77019171711854,0.7544198289098486,
10,30,0.880301880712666,0.987771540647369,0.7019062033868562,0.6765518754112744,
10,31,0.883842013644907,0.8625948452908963,0.7792730543125383,0.765650361921474,
10,32,0.8435658945431692,0.8631205396567608,0.7786698253926472,0.7638078525992542,
10,33,0.8956367354136008,1.0678134312317908,0.6577608142493638,0.6546172406229436,
10,34,0.9176709725476799,0.8538360022306571,0.7805891901377555,0.7705198508444835,
10,35,0.8855071316169492,1.0612266749137877,0.6318548740896727,0.6089054617240623,
10,36,1.0634050342942094,1.3326254992560507,0.5332872685794507,0.5205527527966659,
10,37,1.2626300618056632,1.19177230971664,0.610379924541546,0.5910945382759377,
10,38,0.9765942138804465,0.9521109714857914,0.7442967447573923,0.7341960956350077,
10,39,0.8830437189362569,0.8795296029974752,0.780347898569799,0.7663522702347005,
10,40,0.8453297145406513,0.8525367569206792,0.7806111257348425,0.7669664400087739,
10,41,0.9295113655016636,0.9980584368042508,0.7238308326752654,0.7105066900636104,
10,42,1.011042334138756,1.163264026856244,0.611783802755111,0.5904364992322878,
10,43,1.1046336731576132,0.9912195282400809,0.7134114240589629,0.7048475542882211,
10,44,0.8766273792961295,0.8808641165853869,0.7766078792664737,0.7626233823206844,
10,45,0.8485078964199289,0.8525224238017192,0.7818066157760815,0.7684579951743803,
10,46,0.8906041652366153,1.0201482855952086,0.697365534789857,0.6882649703882431,
10,47,0.985665423335254,1.1212224178424426,0.6416820215846275,0.6173722307523579,
10,48,1.093520649280655,1.004559347593943,0.7080920417653769,0.6990568107041017,
10,49,1.1049228006022953,1.03773884454204,0.6979358603141177,0.6886159245448563,
10,50,1.0673786281015138,0.9543663927574575,0.7382973589541107,0.726255757841632,
10,51,0.9233312690586162,1.0357505711417392,0.7102856014740722,0.6944066681289757,
10,52,1.0203288581693737,1.0854509473249838,0.7042204088795297,0.688528186005703,
10,53,1.1803211020858204,1.2108123959541164,0.6050276388523296,0.5819697302039921,
10,54,1.1562179002150144,1.1292016937316285,0.6187264192331315,0.5989910067997368,
10,55,1.1181198923872575,1.1277226893720957,0.618759322628762,0.5993419609563501,
10,56,1.1196764960695063,1.1318620704458702,0.618737387031675,0.5992103531476201,
10,57,1.133616753438413,1.1463930832036644,0.6168180222865667,0.5971046282079403,
10,58,1.1313682284706534,1.1306107718143328,0.6187264192331315,0.5989471375301602,
10,59,1.117669304039067,1.1404477822893442,0.6172457664297623,0.597280105286247,
10,60,1.1328886104694755,1.238109253264632,0.5930727384399404,0.5732836148278131,
10,61,1.3350207695318523,1.1666122969390658,0.6174651224006318,0.5981136214082036,
10,62,1.137258635423761,1.399082007915975,0.5522725278582084,0.5449879359508664,
10,63,0.824934999746947,0.7917431533190403,0.7910744055453189,0.7853037946918184,
10,64,0.7682461108868432,0.9063834969511927,0.754628410985347,0.7489800394823426,
10,65,0.8269149535709795,0.9481017473212006,0.6565104852154076,0.6422899758719017,
10,66,0.952483028248003,0.9442036993094612,0.6766583311397736,0.6727352489581049,
10,67,0.9704189472219982,1.0677845977779479,0.6634092304992542,0.6617240622943628,
10,68,1.0222985224750079,0.9919954065119974,0.717952092655962,0.7098486510199605,
10,69,0.9983010835412894,1.0366950331397426,0.6951281038869878,0.6815529721430138,
10,70,1.0181534080886196,1.0031608410925632,0.7150456260419409,0.7019521824961614,
10,71,0.937527637367297,1.0682966715104076,0.6809357725717294,0.6706733932880018,
10,72,0.8933521323689954,0.888460889708256,0.7645652364657366,0.7513051107699057,
10,73,0.9211146744669646,0.9394989845837439,0.7440335175923488,0.7315200701908313,
10,74,1.130595625110202,1.3143301065396282,0.539670527331754,0.5293704759815749,
10,75,1.143174921569283,1.1322315118807036,0.6187044836360446,0.5994735687650801,
10,76,1.1191203351597219,1.1300712145644232,0.6186057734491532,0.5995613073042334,
10,77,1.0912914562809746,1.127614030492931,0.6313722909537598,0.6086422461066023,
10,78,1.126776584935245,1.1282901799316283,0.652331753970343,0.6399649045843386,
10,79,1.169160823544691,1.1293127126527895,0.6295735719926296,0.608291291949989,
10,80,1.1048593641602444,1.1309101220899425,0.6190773887865227,0.6005703005044966,
10,81,1.0060975008653104,0.9188906651565691,0.7524129156795648,0.7375301601228339,
10,82,1.031588250472973,1.1308576077745822,0.6188799684127402,0.6004386926957667,
10,83,1.094354001895242,1.0941655615108576,0.6503465824339738,0.6270234700592235,
10,84,1.1000187603593259,1.1139410229503044,0.648163990523822,0.6247422680412371,
10,85,1.1033350094117136,1.129182109370637,0.618507063262262,0.5995174380346567,
10,86,1.1115532112063613,1.1282092631436966,0.6188909362112837,0.5996051765738101,
10,87,1.112264939878877,1.1261732689998862,0.6189457752040011,0.5996051765738101,
10,88,1.1137990949622059,1.1289203426019196,0.6189786785996315,0.6005703005044966,
10,89,1.1527185941591027,1.2392541661081127,0.6031411775028517,0.583417416100022,
10,90,1.1944216390891838,1.1895661194309828,0.6123102570851978,0.5949111647291072,
10,91,1.2718003655372598,1.3220907968156383,0.5317408089848206,0.5211230533011625,
10,92,1.3806688644699674,1.429728093200409,0.4651224006317452,0.43904364992322875,
10,93,1.408227778666939,1.4377426145453587,0.46485917346670175,0.43645536301820576,
10,94,1.4073492309502649,1.4327368751447407,0.463597876634202,0.43496380785259925,
10,95,1.4069748478522692,1.4292523801590564,0.46533078880407125,0.43939460407984204,
10,96,1.406917078398214,1.4332749471996773,0.4646178818987453,0.43680631717481905,
10,97,1.435708516564035,1.5831966893839164,0.45207072036500834,0.4254441763544637,
10,98,1.5458716534829016,1.5810404060023,0.4530139510397473,0.4319368282518096,
10,99,1.5537846913780922,1.5830455124907534,0.4528274984645082,0.43189295898223296,
10,100,1.553646375605383,1.584769144804244,0.4528274984645082,0.43189295898223296,44.26749323072538
